Name;Width;Height;Cx;Cy;Cz;Nx;Ny;Nz;Dip;Dip dir;
NAN1;0.637066;0.608382;-8.07979;10.3;173.402;0.790237;0.61276;-0.00717024;89.5892;232.21;
NAN2;0.631637;0.634024;-8.25522;9.0708;173.112;0.456385;0.870452;0.184462;50;20.21;
NAN3;0.631637;0.634024;-8.25522;9.0708;173.112;0.456385;0.870452;0.184462;60.1215;62.4154
NAN4;0.631637;0.634024;-8.25522;9.0708;173.112;0.456385;0.870452;0.184462;54.3702;30.6684
NAN5;0.631637;0.634024;-8.25522;9.0708;173.112;0.456385;0.870452;0.184462;76.3702;51.6684
NAN6;0.631637;0.634024;-8.25522;9.0708;173.112;0.456385;0.870452;0.184462;40.3702;290
NAN7;0.631637;0.634024;-8.25522;9.0708;173.112;0.456385;0.870452;0.184462;45;350
NAN8;0.631637;0.634024;-8.25522;9.0708;173.112;0.456385;0.870452;0.184462;45;1
NAN9;0.631637;0.634024;-8.25522;9.0708;173.112;0.456385;0.870452;0.184462;25;120